INSERT INTO
issues_3_1 (`batch_id`, `rule_id`, `vr_package_id`, `issue_creation_type`, `external_reference_id`, `id`, `inserted_on`, `standard_id`, `country_code`, `request_status`, `status_name`, `issue_flow`, `reopened_by`, `subject_id`, `resolution`, `visit`, `has_data_records`, `reported_system_name`, `version`, `reported_system_creation_date`, `last_updated_on`, `site_name`, `requestor`, `assign_to_name`, `issue_type_id`, `sla_remaining_days`, `study_id`, `state_name`, `hash`, `study_data_provider_id`, `assignee_role_id`, `external_system_user_role`, `assignee_role_code`, `owner_id`, `originator`, `priority_id`, `assignee_id`, `status_id`, `custom_properties`, `blinded_by`, `rule_key`, `state_id`, `description`, `patient_name`, `site_id`, `owner`, `issue_type_name`, `reopened_on`, `priority_name`)
VALUES
('244976', NULL, NULL, 'Batch', NULL, '7989733428913550', '2024-02-29 08:16:01', '15524', NULL, NULL, 'New Issue', 'Internal', NULL, '271933', NULL, NULL, '1', 'Batch', '1', '2024-02-29 08:15:59', NULL, '101', 'Batch', NULL, '12', '2', '232565', 'Open', X'D6BCF0F5D0A00314D5E2D4181E4939CD317189D6', NULL, NULL, NULL, NULL, NULL, 'Batch', '2', NULL, '1', '{}', NULL, NULL, '1', 'The value of RFXSTDTC does not comply with the defined date format.', '102', '235256', NULL, 'Failure of core univariate validation', NULL, 'High'), 
('244976', NULL, NULL, 'Batch', NULL, '7989733428913551', '2024-02-29 08:16:01', '15524', NULL, NULL, 'New Issue', 'Internal', NULL, '271933', NULL, NULL, '1', 'Batch', '1', '2024-02-29 08:15:59', NULL, '101', 'Batch', NULL, '12', '2', '232565', 'Open', X'D529E2E71238DD076A8C30B255D1C7854B872965', NULL, NULL, NULL, NULL, NULL, 'Batch', '2', NULL, '1', '{}', NULL, NULL, '1', 'The value of RFPENDTC exceeds the defined length.', '102', '235256', NULL, 'Failure of core univariate validation', NULL, 'High'), 
('244976', NULL, NULL, 'Batch', NULL, '7989733428913552', '2024-02-29 08:16:01', '15524', NULL, NULL, 'New Issue', 'Internal', NULL, '271933', NULL, NULL, '1', 'Batch', '1', '2024-02-29 08:15:59', NULL, '101', 'Batch', NULL, '12', '2', '232565', 'Open', X'69DE84AB19D1D9607154C309471EB7ACF9CC34F5', NULL, NULL, NULL, NULL, NULL, 'Batch', '2', NULL, '1', '{}', NULL, NULL, '1', 'The value of DTHDTC does not comply with the defined date format.', '102', '235256', NULL, 'Failure of core univariate validation', NULL, 'High'), 
('244976', NULL, NULL, 'Batch', NULL, '7989733428913553', '2024-02-29 08:16:01', '15524', NULL, NULL, 'New Issue', 'Internal', NULL, '271933', NULL, NULL, '1', 'Batch', '1', '2024-02-29 08:15:59', NULL, '101', 'Batch', NULL, '12', '2', '232565', 'Open', X'7B43789148F04534EA5E7FE4DE2DFF5FF33ABC15', NULL, NULL, NULL, NULL, NULL, 'Batch', '2', NULL, '1', '{}', NULL, NULL, '1', 'The value of DTHFL exceeds the defined length.', '102', '235256', NULL, 'Failure of core univariate validation', NULL, 'High'), 
('244976', NULL, NULL, 'Batch', NULL, '7989733428913554', '2024-02-29 08:16:01', '15524', NULL, NULL, 'New Issue', 'Internal', NULL, '271933', NULL, NULL, '1', 'Batch', '1', '2024-02-29 08:15:59', NULL, '101', 'Batch', NULL, '12', '2', '232565', 'Open', X'488B062E3D0FEB674C5092FADB4467B980055E6E', NULL, NULL, NULL, NULL, NULL, 'Batch', '2', NULL, '1', '{}', NULL, NULL, '1', 'The value of SEX exceeds the defined length.', '102', '235256', NULL, 'Failure of core univariate validation', NULL, 'High'), 
('244976', NULL, NULL, 'Batch', NULL, '7989733428913555', '2024-02-29 08:16:01', '15524', NULL, NULL, 'New Issue', 'Internal', NULL, '271933', NULL, NULL, '1', 'Batch', '1', '2024-02-29 08:15:59', NULL, '101', 'Batch', NULL, '12', '2', '232565', 'Open', X'3D0F0E4759EFAB36DB4158DAA9BE1EE9E82BB568', NULL, NULL, NULL, NULL, NULL, 'Batch', '2', NULL, '1', '{}', NULL, NULL, '1', 'Missing value for the required data element: ARMCD.', '102', '235256', NULL, 'Failure of core univariate validation', NULL, 'High');
INSERT INTO
cb_study_data_3_1 (`site_id`, `source_system_user`, `job_id`, `fields_parsed`, `fields_updates`, `deleted_at`, `conform_usubjid`, `standard_definition_id`, `created_at`, `subject_id`, `record_id`, `fields`, `updated_at`, `in_active_cutoff`, `domain_name`, `source_system_tx_timestamp`, `file_version_id`, `id`, `standard_definition_key`, `study_id`, `domain_id`)
VALUES
('235256', NULL, '244976', '{"AGE": 5, "ARM": "SCRN", "SEX": "Female", "AGEU": "test", "DMDY": 5, "RACE": "WHITE", "ARMCD": null, "DMDTC": "2000-10-10T02:02:02", "DTHFL": 36610000, "INVID": "INV001", "ACTARM": "SCRNFAIL", "DOMAIN": "DM", "DTHDTC": null, "ETHNIC": "T", "INVNAM": "INV002", "SITEID": "101", "SUBJID": "101", "BRTHDTC": "2000-01-01T10:10:10", "COUNTRY": "UK", "RFENDTC": "10-10-2010", "RFICDTC": "2020-10-10T10:10 pm", "RFSTDTC": "10-10-2000", "STUDYID": "Study20904", "USUBJID": "Study20904-101-102", "ACTARMCD": "SCRN", "RFPENDTC": "2020-10-10T01:10:10+02:00", "RFXENDTC": "2000-10-10", "RFXSTDTC": null}', '{}', NULL, 'Study20904-101-102', '15524', '2024-02-29 08:15:47', '271933', '755d16fbd5315985931721ef869e10a3', '{"AGE": "5", "ARM": "SCRN", "SEX": "Female", "AGEU": "test", "DMDY": "5", "RACE": "WHITE", "ARMCD": "", "DMDTC": "2000-10-10T02:02:02", "DTHFL": "10:10:10", "INVID": "INV001", "ACTARM": "SCRNFAIL", "DOMAIN": "DM", "DTHDTC": "2000-01-01T10:10:10", "ETHNIC": "T", "INVNAM": "INV002", "SITEID": "101", "SUBJID": "101", "BRTHDTC": "2000-01-01T10:10:10", "COUNTRY": "UK", "RFENDTC": "10-10-2010", "RFICDTC": "2020-10-10T10:10 pm", "RFSTDTC": "10-10-2000", "STUDYID": "Study20904", "USUBJID": "Study20904-101-102", "ACTARMCD": "SCRN", "RFPENDTC": "2020-10-10T01:10:10+02:00", "RFXENDTC": "2000-10-10", "RFXSTDTC": "2000-01-01"}', NULL, '0', 'Demographics', NULL, '38010845', '166388814', 'a340fe82-625f-4764-bbaf-17a1cb74d2de', '232565', '253219');
INSERT INTO
cb_domain_issues_3_1 (`domain_id`, `issue_id`, `study_id`)
VALUES
('253219', '7989733428913550', '232565'), 
('253219', '7989733428913551', '232565'), 
('253219', '7989733428913552', '232565'), 
('253219', '7989733428913553', '232565'), 
('253219', '7989733428913554', '232565'), 
('253219', '7989733428913555', '232565');
INSERT INTO
cb_study_data_issues_3_1 (`study_id`, `value`, `cuv_rule_type`, `id`, `issue_id`, `study_data_id`, `name`, `level`)
VALUES
('232565', '2000-01-01', 'FORMAT', '30264798', '7989733428913550', '166388814', 'RFXSTDTC', 'Variable'), 
('232565', '2020-10-10T01:10:10+02:00', 'LENGTH', '30264799', '7989733428913551', '166388814', 'RFPENDTC', 'Variable'), 
('232565', '2000-01-01T10:10:10', 'FORMAT', '30264800', '7989733428913552', '166388814', 'DTHDTC', 'Variable'), 
('232565', '10:10:10', 'LENGTH', '30264801', '7989733428913553', '166388814', 'DTHFL', 'Variable'), 
('232565', 'Female', 'LENGTH', '30264802', '7989733428913554', '166388814', 'SEX', 'Variable'), 
('232565', NULL, 'CORE', '30264803', '7989733428913555', '166388814', 'ARMCD', 'Variable');
INSERT INTO
issue_history_3_1 (`batch_run_id`, `resolution`, `user_id`, `status_id`, `action`, `date`, `user_type`, `issue_flow`, `owner_name`, `issue_id`, `action_details`, `comment`, `state_id`, `state_name`, `id`, `user_login`, `study_id`, `is_state_changed`, `status_name`)
VALUES
('31608', NULL, NULL, '1', 'CREATE', '2024-02-29 08:16:01', 'System', 'Internal', NULL, '7989733428913550', NULL, NULL, '1', 'Open', '127361239', 'Batch', '232565', '0', 'New Issue'), 
('31608', NULL, NULL, '1', 'CREATE', '2024-02-29 08:16:01', 'System', 'Internal', NULL, '7989733428913551', NULL, NULL, '1', 'Open', '127361240', 'Batch', '232565', '0', 'New Issue'), 
('31608', NULL, NULL, '1', 'CREATE', '2024-02-29 08:16:01', 'System', 'Internal', NULL, '7989733428913552', NULL, NULL, '1', 'Open', '127361241', 'Batch', '232565', '0', 'New Issue'), 
('31608', NULL, NULL, '1', 'CREATE', '2024-02-29 08:16:01', 'System', 'Internal', NULL, '7989733428913553', NULL, NULL, '1', 'Open', '127361242', 'Batch', '232565', '0', 'New Issue'), 
('31608', NULL, NULL, '1', 'CREATE', '2024-02-29 08:16:01', 'System', 'Internal', NULL, '7989733428913554', NULL, NULL, '1', 'Open', '127361243', 'Batch', '232565', '0', 'New Issue'), 
('31608', NULL, NULL, '1', 'CREATE', '2024-02-29 08:16:01', 'System', 'Internal', NULL, '7989733428913555', NULL, NULL, '1', 'Open', '127361244', 'Batch', '232565', '0', 'New Issue');
